idcellule,longueur,largeur,hauteur,masse_maximale
C0000,5,1,1,207
C0001,5,5,2,656
C0002,1,3,1,831
C0003,3,5,5,454
C0004,5,5,5,811
C0005,1,5,2,474
C0006,4,4,4,390
C0007,4,4,1,977
C0008,2,5,5,141
C0009,5,4,1,449
C0010,1,1,4,927
C0011,1,4,2,576
C0012,1,5,1,675
C0013,1,4,2,874
C0014,3,1,1,447
C0015,5,2,5,559
C0016,4,3,3,530
C0017,4,4,4,986
C0018,1,2,1,846
C0019,2,4,3,480
C0020,4,3,1,757
C0021,2,4,1,303
C0022,2,4,1,871
C0023,4,4,2,139
C0024,1,2,5,234
C0025,1,2,2,982
C0026,1,2,3,789
C0027,4,4,5,150
C0028,4,5,2,108
C0029,1,2,5,985
C0030,2,2,5,340
C0031,1,3,1,380
C0032,2,5,3,289
C0033,2,4,3,966
C0034,3,4,4,514
C0035,2,1,4,521
C0036,4,4,2,952
C0037,3,3,4,428
C0038,5,2,4,174
C0039,3,2,2,300
C0040,4,4,2,636
C0041,4,5,5,770
C0042,1,3,4,313
C0043,2,3,5,220
C0044,5,2,5,847
C0045,4,5,4,443
C0046,5,1,5,468
C0047,2,5,5,534
C0048,2,1,2,584
C0049,4,4,3,672
C0050,4,5,4,155
C0051,1,4,5,805
C0052,2,3,3,852
C0053,2,5,1,657
C0054,4,3,1,608
C0055,5,2,5,105
C0056,5,3,1,320
C0057,3,5,2,124
C0058,5,4,5,832
C0059,2,1,4,347
C0060,5,1,5,539
C0061,5,2,1,182
C0062,5,3,2,444
C0063,3,4,2,681
C0064,4,1,4,204
C0065,4,5,4,619
C0066,4,4,2,128
C0067,2,3,5,987
C0068,2,2,5,321
C0069,3,4,5,273
C0070,3,1,2,190
C0071,2,1,2,518
C0072,4,2,2,135
C0073,2,3,2,489
C0074,1,3,1,684
C0075,4,2,2,345
C0076,2,3,1,872
C0077,4,2,1,393
C0078,2,1,5,647
C0079,3,3,5,433
C0080,5,2,5,464
C0081,4,3,3,241
C0082,4,2,5,527
C0083,1,3,5,394
C0084,3,5,5,961
C0085,1,4,2,855
C0086,1,5,4,929
C0087,5,4,3,749
C0088,2,2,1,815
C0089,4,2,3,769
C0090,5,4,3,548
C0091,5,5,2,692
C0092,3,3,3,665
C0093,4,5,1,476
C0094,3,3,3,223
C0095,4,5,4,417
C0096,1,3,4,581
C0097,5,1,5,531
C0098,1,2,1,780
C0099,5,3,1,645
