Order_ID,Destination,Request_Date,Items_Count,Status,Total_Value
COABC01,OFIRST,2024-08-01,0,Attente,37500000
COXYZ02,ODESTT,2024-08-01,0,Endommagé,2250000
COKLM03,OFRACT,2024-08-01,0,Attente,4950000
COPQR04,ODESTC,2024-08-01,0,Attente,12000000
COSTU05,OCLIEN,2024-08-01,0,Endommagé,300000
COVWX06,ODESTB,2024-08-01,0,Attente,37500000
COFRA07,ODESTI,2024-08-01,0,Attente,3820000
COFUT08,OFUTUR,2024-08-01,0,Attente,6600000
COUSB09,OFIRST,2024-08-01,0,Attente,135000
COLOG12,OFIRST,2024-08-01,0,Attente,130000
COUSB13,ONEWSP,2024-08-01,0,Attente,300000
COLOG15,ODESTI,2024-08-01,0,Attente,210000
COBOX18,OSACQC,2024-08-01,0,Attente,422500
COANT20,OCLIEN,2024-08-01,0,Attente,3675000
