idproduit,idfournisseur,nom,description,prix_unitaire,marque,modele,categorie
P0000,O0018,Produit_0,Description du produit 0,199.7,MarqueX,ModeleY,usage interne
P0001,O0005,Produit_1,Description du produit 1,289.24,MarqueX,ModeleY,usage interne
P0002,O0008,Produit_2,Description du produit 2,95.39,MarqueX,ModeleY,usage interne
P0003,O0005,Produit_3,Description du produit 3,254.16,MarqueX,ModeleY,usage interne
P0004,O0019,Produit_4,Description du produit 4,421.23,MarqueX,ModeleY,usage interne
P0005,O0021,Produit_5,Description du produit 5,394.33,MarqueX,ModeleY,usage interne
P0006,O0008,Produit_6,Description du produit 6,26.0,MarqueX,ModeleY,usage interne
P0007,O0017,Produit_7,Description du produit 7,216.48,MarqueX,ModeleY,usage interne
P0008,O0030,Produit_8,Description du produit 8,73.11,MarqueX,ModeleY,usage interne
P0009,O0018,Produit_9,Description du produit 9,338.27,MarqueX,ModeleY,usage interne
P0010,O0039,Produit_10,Description du produit 10,428.5,MarqueX,ModeleY,usage interne
P0011,O0001,Produit_11,Description du produit 11,107.96,MarqueX,ModeleY,usage interne
P0012,O0014,Produit_12,Description du produit 12,425.66,MarqueX,ModeleY,usage interne
P0013,O0039,Produit_13,Description du produit 13,361.38,MarqueX,ModeleY,usage interne
P0014,O0039,Produit_14,Description du produit 14,444.32,MarqueX,ModeleY,usage interne
P0015,O0019,Produit_15,Description du produit 15,371.09,MarqueX,ModeleY,usage interne
P0016,O0008,Produit_16,Description du produit 16,421.38,MarqueX,ModeleY,usage interne
P0017,O0019,Produit_17,Description du produit 17,183.41,MarqueX,ModeleY,usage interne
P0018,O0023,Produit_18,Description du produit 18,431.47,MarqueX,ModeleY,usage interne
P0019,O0001,Produit_19,Description du produit 19,143.77,MarqueX,ModeleY,usage interne
P0020,O0030,Produit_20,Description du produit 20,288.3,MarqueX,ModeleY,usage interne
P0021,O0017,Produit_21,Description du produit 21,484.01,MarqueX,ModeleY,usage interne
P0022,O0005,Produit_22,Description du produit 22,237.97,MarqueX,ModeleY,usage interne
P0023,O0019,Produit_23,Description du produit 23,414.83,MarqueX,ModeleY,usage interne
P0024,O0038,Produit_24,Description du produit 24,140.14,MarqueX,ModeleY,usage interne
P0025,O0028,Produit_25,Description du produit 25,319.94,MarqueX,ModeleY,usage interne
P0026,O0019,Produit_26,Description du produit 26,364.85,MarqueX,ModeleY,usage interne
P0027,O0028,Produit_27,Description du produit 27,323.4,MarqueX,ModeleY,usage interne
P0028,O0001,Produit_28,Description du produit 28,463.15,MarqueX,ModeleY,usage interne
P0029,O0038,Produit_29,Description du produit 29,36.89,MarqueX,ModeleY,usage interne
P0030,O0028,Produit_30,Description du produit 30,262.09,MarqueX,ModeleY,usage interne
P0031,O0021,Produit_31,Description du produit 31,35.08,MarqueX,ModeleY,usage interne
P0032,O0043,Produit_32,Description du produit 32,285.43,MarqueX,ModeleY,usage interne
P0033,O0019,Produit_33,Description du produit 33,477.95,MarqueX,ModeleY,usage interne
P0034,O0023,Produit_34,Description du produit 34,110.31,MarqueX,ModeleY,usage interne
P0035,O0001,Produit_35,Description du produit 35,150.62,MarqueX,ModeleY,usage interne
P0036,O0014,Produit_36,Description du produit 36,441.48,MarqueX,ModeleY,usage interne
P0037,O0005,Produit_37,Description du produit 37,180.24,MarqueX,ModeleY,usage interne
P0038,O0017,Produit_38,Description du produit 38,85.73,MarqueX,ModeleY,usage interne
P0039,O0028,Produit_39,Description du produit 39,94.12,MarqueX,ModeleY,usage interne
P0040,O0039,Produit_40,Description du produit 40,481.1,MarqueX,ModeleY,usage interne
P0041,O0005,Produit_41,Description du produit 41,71.73,MarqueX,ModeleY,usage interne
P0042,O0043,Produit_42,Description du produit 42,242.84,MarqueX,ModeleY,usage interne
P0043,O0016,Produit_43,Description du produit 43,436.35,MarqueX,ModeleY,usage interne
P0044,O0024,Produit_44,Description du produit 44,469.52,MarqueX,ModeleY,usage interne
P0045,O0006,Produit_45,Description du produit 45,46.06,MarqueX,ModeleY,usage interne
P0046,O0014,Produit_46,Description du produit 46,144.88,MarqueX,ModeleY,usage interne
P0047,O0023,Produit_47,Description du produit 47,267.37,MarqueX,ModeleY,usage interne
P0048,O0005,Produit_48,Description du produit 48,95.32,MarqueX,ModeleY,usage interne
P0049,O0018,Produit_49,Description du produit 49,25.62,MarqueX,ModeleY,usage interne
P0050,O0014,Produit_50,Description du produit 50,259.07,MarqueX,ModeleY,usage interne
P0051,O0008,Produit_51,Description du produit 51,258.89,MarqueX,ModeleY,usage interne
P0052,O0016,Produit_52,Description du produit 52,268.09,MarqueX,ModeleY,usage interne
P0053,O0023,Produit_53,Description du produit 53,15.96,MarqueX,ModeleY,usage interne
P0054,O0023,Produit_54,Description du produit 54,362.76,MarqueX,ModeleY,usage interne
P0055,O0038,Produit_55,Description du produit 55,265.82,MarqueX,ModeleY,usage interne
P0056,O0006,Produit_56,Description du produit 56,77.07,MarqueX,ModeleY,usage interne
P0057,O0024,Produit_57,Description du produit 57,249.47,MarqueX,ModeleY,usage interne
P0058,O0001,Produit_58,Description du produit 58,22.15,MarqueX,ModeleY,usage interne
P0059,O0038,Produit_59,Description du produit 59,493.86,MarqueX,ModeleY,usage interne
P0060,O0024,Produit_60,Description du produit 60,213.43,MarqueX,ModeleY,usage interne
P0061,O0023,Produit_61,Description du produit 61,76.63,MarqueX,ModeleY,usage interne
P0062,O0028,Produit_62,Description du produit 62,166.64,MarqueX,ModeleY,usage interne
P0063,O0019,Produit_63,Description du produit 63,71.47,MarqueX,ModeleY,usage interne
P0064,O0023,Produit_64,Description du produit 64,209.26,MarqueX,ModeleY,usage interne
P0065,O0042,Produit_65,Description du produit 65,445.12,MarqueX,ModeleY,usage interne
P0066,O0043,Produit_66,Description du produit 66,76.54,MarqueX,ModeleY,usage interne
P0067,O0005,Produit_67,Description du produit 67,93.81,MarqueX,ModeleY,usage interne
P0068,O0016,Produit_68,Description du produit 68,83.41,MarqueX,ModeleY,usage interne
P0069,O0019,Produit_69,Description du produit 69,162.52,MarqueX,ModeleY,usage interne
P0070,O0016,Produit_70,Description du produit 70,118.05,MarqueX,ModeleY,usage interne
P0071,O0023,Produit_71,Description du produit 71,263.25,MarqueX,ModeleY,usage interne
P0072,O0042,Produit_72,Description du produit 72,30.63,MarqueX,ModeleY,usage interne
P0073,O0042,Produit_73,Description du produit 73,383.35,MarqueX,ModeleY,usage interne
P0074,O0023,Produit_74,Description du produit 74,455.59,MarqueX,ModeleY,usage interne
P0075,O0018,Produit_75,Description du produit 75,294.03,MarqueX,ModeleY,usage interne
P0076,O0001,Produit_76,Description du produit 76,227.04,MarqueX,ModeleY,usage interne
P0077,O0019,Produit_77,Description du produit 77,351.8,MarqueX,ModeleY,usage interne
P0078,O0030,Produit_78,Description du produit 78,480.52,MarqueX,ModeleY,usage interne
P0079,O0023,Produit_79,Description du produit 79,463.33,MarqueX,ModeleY,usage interne
P0080,O0024,Produit_80,Description du produit 80,98.16,MarqueX,ModeleY,usage interne
P0081,O0001,Produit_81,Description du produit 81,34.99,MarqueX,ModeleY,usage interne
P0082,O0014,Produit_82,Description du produit 82,230.08,MarqueX,ModeleY,usage interne
P0083,O0039,Produit_83,Description du produit 83,182.17,MarqueX,ModeleY,usage interne
P0084,O0017,Produit_84,Description du produit 84,358.37,MarqueX,ModeleY,usage interne
P0085,O0001,Produit_85,Description du produit 85,286.78,MarqueX,ModeleY,usage interne
P0086,O0001,Produit_86,Description du produit 86,482.92,MarqueX,ModeleY,usage interne
P0087,O0019,Produit_87,Description du produit 87,360.44,MarqueX,ModeleY,usage interne
P0088,O0017,Produit_88,Description du produit 88,55.46,MarqueX,ModeleY,usage interne
P0089,O0018,Produit_89,Description du produit 89,32.74,MarqueX,ModeleY,usage interne
P0090,O0008,Produit_90,Description du produit 90,266.09,MarqueX,ModeleY,usage interne
P0091,O0005,Produit_91,Description du produit 91,347.38,MarqueX,ModeleY,usage interne
P0092,O0008,Produit_92,Description du produit 92,438.46,MarqueX,ModeleY,usage interne
P0093,O0018,Produit_93,Description du produit 93,303.3,MarqueX,ModeleY,usage interne
P0094,O0042,Produit_94,Description du produit 94,50.8,MarqueX,ModeleY,usage interne
P0095,O0006,Produit_95,Description du produit 95,345.68,MarqueX,ModeleY,usage interne
P0096,O0006,Produit_96,Description du produit 96,275.65,MarqueX,ModeleY,usage interne
P0097,O0030,Produit_97,Description du produit 97,416.32,MarqueX,ModeleY,usage interne
P0098,O0001,Produit_98,Description du produit 98,401.42,MarqueX,ModeleY,usage interne
P0099,O0028,Produit_99,Description du produit 99,135.32,MarqueX,ModeleY,usage interne
P0100,O0019,Produit_100,Description du produit 100,205.48,MarqueX,ModeleY,usage interne
P0101,O0008,Produit_101,Description du produit 101,249.89,MarqueX,ModeleY,usage interne
P0102,O0001,Produit_102,Description du produit 102,150.38,MarqueX,ModeleY,usage interne
P0103,O0005,Produit_103,Description du produit 103,494.34,MarqueX,ModeleY,usage interne
P0104,O0018,Produit_104,Description du produit 104,245.01,MarqueX,ModeleY,usage interne
P0105,O0038,Produit_105,Description du produit 105,480.73,MarqueX,ModeleY,usage interne
P0106,O0028,Produit_106,Description du produit 106,377.82,MarqueX,ModeleY,usage interne
P0107,O0042,Produit_107,Description du produit 107,401.94,MarqueX,ModeleY,usage interne
P0108,O0014,Produit_108,Description du produit 108,392.84,MarqueX,ModeleY,usage interne
P0109,O0008,Produit_109,Description du produit 109,420.91,MarqueX,ModeleY,usage interne
P0110,O0039,Produit_110,Description du produit 110,251.19,MarqueX,ModeleY,usage interne
P0111,O0008,Produit_111,Description du produit 111,355.55,MarqueX,ModeleY,usage interne
P0112,O0017,Produit_112,Description du produit 112,442.33,MarqueX,ModeleY,usage interne
P0113,O0005,Produit_113,Description du produit 113,476.29,MarqueX,ModeleY,usage interne
P0114,O0019,Produit_114,Description du produit 114,454.21,MarqueX,ModeleY,usage interne
P0115,O0008,Produit_115,Description du produit 115,368.65,MarqueX,ModeleY,usage interne
P0116,O0005,Produit_116,Description du produit 116,410.36,MarqueX,ModeleY,usage interne
P0117,O0001,Produit_117,Description du produit 117,111.85,MarqueX,ModeleY,usage interne
P0118,O0006,Produit_118,Description du produit 118,360.4,MarqueX,ModeleY,usage interne
P0119,O0043,Produit_119,Description du produit 119,24.25,MarqueX,ModeleY,usage interne
P0120,O0023,Produit_120,Description du produit 120,13.3,MarqueX,ModeleY,usage interne
P0121,O0008,Produit_121,Description du produit 121,304.23,MarqueX,ModeleY,usage interne
P0122,O0008,Produit_122,Description du produit 122,346.62,MarqueX,ModeleY,usage interne
P0123,O0016,Produit_123,Description du produit 123,21.8,MarqueX,ModeleY,usage interne
P0124,O0042,Produit_124,Description du produit 124,55.54,MarqueX,ModeleY,usage interne
P0125,O0042,Produit_125,Description du produit 125,66.9,MarqueX,ModeleY,usage interne
P0126,O0023,Produit_126,Description du produit 126,122.86,MarqueX,ModeleY,usage interne
P0127,O0008,Produit_127,Description du produit 127,50.12,MarqueX,ModeleY,usage interne
P0128,O0038,Produit_128,Description du produit 128,454.36,MarqueX,ModeleY,usage interne
P0129,O0042,Produit_129,Description du produit 129,209.8,MarqueX,ModeleY,usage interne
P0130,O0030,Produit_130,Description du produit 130,348.43,MarqueX,ModeleY,usage interne
P0131,O0018,Produit_131,Description du produit 131,307.5,MarqueX,ModeleY,usage interne
P0132,O0042,Produit_132,Description du produit 132,249.83,MarqueX,ModeleY,usage interne
P0133,O0028,Produit_133,Description du produit 133,252.61,MarqueX,ModeleY,usage interne
P0134,O0038,Produit_134,Description du produit 134,306.5,MarqueX,ModeleY,usage interne
P0135,O0021,Produit_135,Description du produit 135,460.74,MarqueX,ModeleY,usage interne
P0136,O0008,Produit_136,Description du produit 136,445.46,MarqueX,ModeleY,usage interne
P0137,O0008,Produit_137,Description du produit 137,67.12,MarqueX,ModeleY,usage interne
P0138,O0006,Produit_138,Description du produit 138,367.57,MarqueX,ModeleY,usage interne
P0139,O0038,Produit_139,Description du produit 139,358.11,MarqueX,ModeleY,usage interne
P0140,O0014,Produit_140,Description du produit 140,168.48,MarqueX,ModeleY,usage interne
P0141,O0024,Produit_141,Description du produit 141,188.92,MarqueX,ModeleY,usage interne
P0142,O0017,Produit_142,Description du produit 142,371.46,MarqueX,ModeleY,usage interne
P0143,O0014,Produit_143,Description du produit 143,365.02,MarqueX,ModeleY,usage interne
P0144,O0024,Produit_144,Description du produit 144,481.93,MarqueX,ModeleY,usage interne
P0145,O0030,Produit_145,Description du produit 145,300.46,MarqueX,ModeleY,usage interne
P0146,O0014,Produit_146,Description du produit 146,468.18,MarqueX,ModeleY,usage interne
P0147,O0018,Produit_147,Description du produit 147,450.31,MarqueX,ModeleY,usage interne
P0148,O0028,Produit_148,Description du produit 148,475.3,MarqueX,ModeleY,usage interne
P0149,O0042,Produit_149,Description du produit 149,39.61,MarqueX,ModeleY,usage interne
P0150,O0028,Produit_150,Description du produit 150,263.73,MarqueX,ModeleY,usage interne
P0151,O0030,Produit_151,Description du produit 151,300.89,MarqueX,ModeleY,usage interne
P0152,O0042,Produit_152,Description du produit 152,98.68,MarqueX,ModeleY,usage interne
P0153,O0001,Produit_153,Description du produit 153,432.4,MarqueX,ModeleY,usage interne
P0154,O0019,Produit_154,Description du produit 154,97.15,MarqueX,ModeleY,usage interne
P0155,O0018,Produit_155,Description du produit 155,260.57,MarqueX,ModeleY,usage interne
P0156,O0038,Produit_156,Description du produit 156,319.22,MarqueX,ModeleY,usage interne
P0157,O0030,Produit_157,Description du produit 157,85.67,MarqueX,ModeleY,usage interne
P0158,O0006,Produit_158,Description du produit 158,471.81,MarqueX,ModeleY,usage interne
P0159,O0017,Produit_159,Description du produit 159,293.79,MarqueX,ModeleY,usage interne
P0160,O0038,Produit_160,Description du produit 160,93.93,MarqueX,ModeleY,usage interne
P0161,O0023,Produit_161,Description du produit 161,299.08,MarqueX,ModeleY,usage interne
P0162,O0017,Produit_162,Description du produit 162,474.08,MarqueX,ModeleY,usage interne
P0163,O0019,Produit_163,Description du produit 163,220.52,MarqueX,ModeleY,usage interne
P0164,O0039,Produit_164,Description du produit 164,249.12,MarqueX,ModeleY,usage interne
P0165,O0024,Produit_165,Description du produit 165,150.96,MarqueX,ModeleY,usage interne
P0166,O0039,Produit_166,Description du produit 166,42.61,MarqueX,ModeleY,usage interne
P0167,O0018,Produit_167,Description du produit 167,333.18,MarqueX,ModeleY,usage interne
P0168,O0043,Produit_168,Description du produit 168,379.79,MarqueX,ModeleY,usage interne
P0169,O0043,Produit_169,Description du produit 169,40.67,MarqueX,ModeleY,usage interne
P0170,O0021,Produit_170,Description du produit 170,70.67,MarqueX,ModeleY,usage interne
P0171,O0008,Produit_171,Description du produit 171,131.46,MarqueX,ModeleY,usage interne
P0172,O0039,Produit_172,Description du produit 172,183.51,MarqueX,ModeleY,usage interne
P0173,O0030,Produit_173,Description du produit 173,468.9,MarqueX,ModeleY,usage interne
P0174,O0030,Produit_174,Description du produit 174,350.81,MarqueX,ModeleY,usage interne
P0175,O0023,Produit_175,Description du produit 175,438.25,MarqueX,ModeleY,usage interne
P0176,O0023,Produit_176,Description du produit 176,309.39,MarqueX,ModeleY,usage interne
P0177,O0017,Produit_177,Description du produit 177,120.49,MarqueX,ModeleY,usage interne
P0178,O0006,Produit_178,Description du produit 178,86.04,MarqueX,ModeleY,usage interne
P0179,O0028,Produit_179,Description du produit 179,104.1,MarqueX,ModeleY,usage interne
P0180,O0005,Produit_180,Description du produit 180,319.76,MarqueX,ModeleY,usage interne
P0181,O0008,Produit_181,Description du produit 181,336.95,MarqueX,ModeleY,usage interne
P0182,O0024,Produit_182,Description du produit 182,375.68,MarqueX,ModeleY,usage interne
P0183,O0024,Produit_183,Description du produit 183,73.42,MarqueX,ModeleY,usage interne
P0184,O0024,Produit_184,Description du produit 184,58.97,MarqueX,ModeleY,usage interne
P0185,O0043,Produit_185,Description du produit 185,204.75,MarqueX,ModeleY,usage interne
P0186,O0030,Produit_186,Description du produit 186,400.33,MarqueX,ModeleY,usage interne
P0187,O0038,Produit_187,Description du produit 187,485.5,MarqueX,ModeleY,usage interne
P0188,O0006,Produit_188,Description du produit 188,388.55,MarqueX,ModeleY,usage interne
P0189,O0016,Produit_189,Description du produit 189,269.85,MarqueX,ModeleY,usage interne
P0190,O0017,Produit_190,Description du produit 190,442.82,MarqueX,ModeleY,usage interne
P0191,O0043,Produit_191,Description du produit 191,222.21,MarqueX,ModeleY,usage interne
P0192,O0014,Produit_192,Description du produit 192,160.88,MarqueX,ModeleY,usage interne
P0193,O0001,Produit_193,Description du produit 193,203.32,MarqueX,ModeleY,usage interne
P0194,O0008,Produit_194,Description du produit 194,96.91,MarqueX,ModeleY,usage interne
P0195,O0014,Produit_195,Description du produit 195,171.82,MarqueX,ModeleY,usage interne
P0196,O0021,Produit_196,Description du produit 196,444.18,MarqueX,ModeleY,usage interne
P0197,O0038,Produit_197,Description du produit 197,291.87,MarqueX,ModeleY,usage interne
P0198,O0038,Produit_198,Description du produit 198,437.76,MarqueX,ModeleY,usage interne
P0199,O0001,Produit_199,Description du produit 199,175.34,MarqueX,ModeleY,usage interne
