idlot,idproduit,quantite,date_creation,statut,origine,nombre_utilisations,condition
L0000,P0167,43,2023-11-05,valide,standard,0,utilisable
L0001,P0076,70,2024-01-18,valide,standard,0,utilisable
L0002,P0197,97,2023-01-31,valide,standard,0,utilisable
L0003,P0091,45,2022-11-25,valide,standard,0,utilisable
L0004,P0132,30,2025-02-01,valide,standard,0,utilisable
L0005,P0009,71,2024-11-06,valide,standard,0,utilisable
L0006,P0113,67,2022-11-20,valide,standard,0,utilisable
L0007,P0137,86,2023-01-27,valide,standard,0,utilisable
L0008,P0064,69,2024-05-30,valide,standard,0,utilisable
L0009,P0096,67,2024-07-29,valide,standard,0,utilisable
L0010,P0109,47,2024-03-09,valide,standard,0,utilisable
L0011,P0184,15,2023-01-14,valide,standard,0,utilisable
L0012,P0180,87,2024-09-24,valide,standard,0,utilisable
L0013,P0123,48,2025-05-14,valide,standard,0,utilisable
L0014,P0039,55,2024-12-12,valide,standard,0,utilisable
L0015,P0109,100,2025-06-07,valide,standard,0,utilisable
L0016,P0008,82,2023-01-08,valide,standard,0,utilisable
L0017,P0188,38,2023-09-03,valide,standard,0,utilisable
L0018,P0047,83,2025-05-07,valide,standard,0,utilisable
L0019,P0127,55,2023-02-17,valide,standard,0,utilisable
L0020,P0148,4,2023-03-20,valide,standard,0,utilisable
L0021,P0184,7,2024-10-24,valide,standard,0,utilisable
L0022,P0119,40,2024-10-22,valide,standard,0,utilisable
L0023,P0108,3,2023-02-06,valide,standard,0,utilisable
L0024,P0157,14,2024-02-10,valide,standard,0,utilisable
L0025,P0063,36,2025-03-13,valide,standard,0,utilisable
L0026,P0193,71,2024-12-02,valide,standard,0,utilisable
L0027,P0010,87,2023-12-28,valide,standard,0,utilisable
L0028,P0174,39,2023-07-26,valide,standard,0,utilisable
L0029,P0123,12,2023-01-10,valide,standard,0,utilisable
L0030,P0110,65,2023-09-19,valide,standard,0,utilisable
L0031,P0071,9,2023-09-30,valide,standard,0,utilisable
L0032,P0041,44,2023-10-31,valide,standard,0,utilisable
L0033,P0167,17,2024-02-09,valide,standard,0,utilisable
L0034,P0046,93,2023-11-01,valide,standard,0,utilisable
L0035,P0193,95,2023-09-15,valide,standard,0,utilisable
L0036,P0019,10,2022-12-15,valide,standard,0,utilisable
L0037,P0042,32,2023-10-18,valide,standard,0,utilisable
L0038,P0050,7,2024-05-16,valide,standard,0,utilisable
L0039,P0081,22,2023-01-27,valide,standard,0,utilisable
L0040,P0066,50,2025-01-21,valide,standard,0,utilisable
L0041,P0154,87,2023-06-19,valide,standard,0,utilisable
L0042,P0183,67,2023-02-16,valide,standard,0,utilisable
L0043,P0163,46,2022-10-18,valide,standard,0,utilisable
L0044,P0112,91,2024-06-03,valide,standard,0,utilisable
L0045,P0040,78,2023-08-24,valide,standard,0,utilisable
L0046,P0026,69,2022-11-16,valide,standard,0,utilisable
L0047,P0184,49,2022-10-18,valide,standard,0,utilisable
L0048,P0064,20,2023-04-01,valide,standard,0,utilisable
L0049,P0169,49,2023-08-30,valide,standard,0,utilisable
L0050,P0106,16,2024-08-13,valide,standard,0,utilisable
L0051,P0081,98,2023-10-16,valide,standard,0,utilisable
L0052,P0000,45,2024-09-01,valide,standard,0,utilisable
L0053,P0138,46,2023-04-14,valide,standard,0,utilisable
L0054,P0022,13,2024-03-10,valide,standard,0,utilisable
L0055,P0110,56,2024-03-29,valide,standard,0,utilisable
L0056,P0092,52,2025-04-12,valide,standard,0,utilisable
L0057,P0035,65,2024-01-13,valide,standard,0,utilisable
L0058,P0167,41,2023-03-28,valide,standard,0,utilisable
L0059,P0050,81,2025-05-28,valide,standard,0,utilisable
L0060,P0007,57,2025-02-24,valide,standard,0,utilisable
L0061,P0128,9,2024-05-22,valide,standard,0,utilisable
L0062,P0124,2,2022-12-13,valide,standard,0,utilisable
L0063,P0197,59,2025-03-31,valide,standard,0,utilisable
L0064,P0179,63,2022-12-29,valide,standard,0,utilisable
L0065,P0060,94,2024-07-19,valide,standard,0,utilisable
L0066,P0121,98,2025-05-22,valide,standard,0,utilisable
L0067,P0047,54,2024-08-14,valide,standard,0,utilisable
L0068,P0088,22,2023-12-08,valide,standard,0,utilisable
L0069,P0015,20,2024-01-05,valide,standard,0,utilisable
L0070,P0167,42,2024-06-27,valide,standard,0,utilisable
L0071,P0125,29,2024-04-03,valide,standard,0,utilisable
L0072,P0006,42,2023-08-08,valide,standard,0,utilisable
L0073,P0045,45,2023-12-14,valide,standard,0,utilisable
L0074,P0124,94,2024-04-07,valide,standard,0,utilisable
L0075,P0086,56,2024-12-06,valide,standard,0,utilisable
L0076,P0012,17,2023-01-19,valide,standard,0,utilisable
L0077,P0147,64,2025-05-27,valide,standard,0,utilisable
L0078,P0068,99,2022-10-04,valide,standard,0,utilisable
L0079,P0052,35,2024-08-08,valide,standard,0,utilisable
L0080,P0045,91,2022-09-29,valide,standard,0,utilisable
L0081,P0165,38,2024-12-13,valide,standard,0,utilisable
L0082,P0187,95,2023-08-19,valide,standard,0,utilisable
L0083,P0131,38,2025-04-28,valide,standard,0,utilisable
L0084,P0048,38,2024-03-18,valide,standard,0,utilisable
L0085,P0150,69,2025-04-07,valide,standard,0,utilisable
L0086,P0097,51,2024-10-26,valide,standard,0,utilisable
L0087,P0127,63,2025-05-06,valide,standard,0,utilisable
L0088,P0050,32,2023-09-10,valide,standard,0,utilisable
L0089,P0072,62,2024-05-01,valide,standard,0,utilisable
L0090,P0004,22,2023-04-24,valide,standard,0,utilisable
L0091,P0157,87,2024-06-27,valide,standard,0,utilisable
L0092,P0147,7,2024-09-07,valide,standard,0,utilisable
L0093,P0010,25,2023-10-02,valide,standard,0,utilisable
L0094,P0101,66,2023-08-22,valide,standard,0,utilisable
L0095,P0095,31,2023-09-25,valide,standard,0,utilisable
L0096,P0142,37,2023-12-14,valide,standard,0,utilisable
L0097,P0076,1,2024-04-27,valide,standard,0,utilisable
L0098,P0014,86,2024-09-27,valide,standard,0,utilisable
L0099,P0192,24,2024-05-25,valide,standard,0,utilisable
L0100,P0007,2,2023-01-01,valide,standard,0,utilisable
L0101,P0050,95,2023-11-14,valide,standard,0,utilisable
L0102,P0031,88,2024-12-19,valide,standard,0,utilisable
L0103,P0142,12,2023-02-22,valide,standard,0,utilisable
L0104,P0071,18,2023-07-05,valide,standard,0,utilisable
L0105,P0057,45,2024-03-10,valide,standard,0,utilisable
L0106,P0124,35,2023-11-07,valide,standard,0,utilisable
L0107,P0065,37,2023-09-16,valide,standard,0,utilisable
L0108,P0161,54,2024-01-14,valide,standard,0,utilisable
L0109,P0077,53,2023-08-01,valide,standard,0,utilisable
L0110,P0114,87,2024-09-12,valide,standard,0,utilisable
L0111,P0069,69,2024-11-29,valide,standard,0,utilisable
L0112,P0033,16,2023-02-28,valide,standard,0,utilisable
L0113,P0112,1,2023-08-11,valide,standard,0,utilisable
L0114,P0006,41,2025-02-12,valide,standard,0,utilisable
L0115,P0130,79,2022-12-15,valide,standard,0,utilisable
L0116,P0085,97,2023-12-19,valide,standard,0,utilisable
L0117,P0073,83,2023-05-20,valide,standard,0,utilisable
L0118,P0088,72,2024-05-26,valide,standard,0,utilisable
L0119,P0043,91,2024-01-05,valide,standard,0,utilisable
L0120,P0089,51,2024-02-23,valide,standard,0,utilisable
L0121,P0072,2,2024-11-02,valide,standard,0,utilisable
L0122,P0167,73,2024-02-17,valide,standard,0,utilisable
L0123,P0154,26,2024-11-02,valide,standard,0,utilisable
L0124,P0175,16,2023-04-03,valide,standard,0,utilisable
L0125,P0157,5,2023-05-11,valide,standard,0,utilisable
L0126,P0059,89,2024-05-20,valide,standard,0,utilisable
L0127,P0154,36,2022-10-08,valide,standard,0,utilisable
L0128,P0138,23,2024-09-12,valide,standard,0,utilisable
L0129,P0052,51,2025-06-06,valide,standard,0,utilisable
L0130,P0090,44,2024-04-22,valide,standard,0,utilisable
L0131,P0119,30,2024-04-04,valide,standard,0,utilisable
L0132,P0020,41,2024-09-02,valide,standard,0,utilisable
L0133,P0148,5,2024-09-21,valide,standard,0,utilisable
L0134,P0146,26,2022-11-08,valide,standard,0,utilisable
L0135,P0197,68,2023-07-25,valide,standard,0,utilisable
L0136,P0184,100,2024-08-24,valide,standard,0,utilisable
L0137,P0194,44,2023-10-05,valide,standard,0,utilisable
L0138,P0173,95,2024-05-22,valide,standard,0,utilisable
L0139,P0080,30,2024-05-08,valide,standard,0,utilisable
L0140,P0019,35,2022-10-24,valide,standard,0,utilisable
L0141,P0022,15,2025-01-04,valide,standard,0,utilisable
L0142,P0134,18,2024-06-17,valide,standard,0,utilisable
L0143,P0084,64,2025-02-19,valide,standard,0,utilisable
L0144,P0022,32,2024-06-04,valide,standard,0,utilisable
L0145,P0138,46,2023-10-27,valide,standard,0,utilisable
L0146,P0020,67,2023-08-17,valide,standard,0,utilisable
L0147,P0031,37,2023-03-25,valide,standard,0,utilisable
L0148,P0155,53,2023-06-22,valide,standard,0,utilisable
L0149,P0098,59,2024-01-29,valide,standard,0,utilisable
L0150,P0176,22,2024-07-25,valide,standard,0,utilisable
L0151,P0166,3,2023-01-29,valide,standard,0,utilisable
L0152,P0018,20,2024-02-18,valide,standard,0,utilisable
L0153,P0079,28,2023-04-30,valide,standard,0,utilisable
L0154,P0128,98,2024-10-29,valide,standard,0,utilisable
L0155,P0133,38,2024-10-03,valide,standard,0,utilisable
L0156,P0062,43,2023-07-20,valide,standard,0,utilisable
L0157,P0048,61,2025-06-04,valide,standard,0,utilisable
L0158,P0063,57,2023-08-03,valide,standard,0,utilisable
L0159,P0057,30,2023-02-05,valide,standard,0,utilisable
L0160,P0116,43,2023-07-28,valide,standard,0,utilisable
L0161,P0084,16,2025-01-10,valide,standard,0,utilisable
L0162,P0131,33,2024-02-19,valide,standard,0,utilisable
L0163,P0119,13,2025-05-24,valide,standard,0,utilisable
L0164,P0193,42,2023-02-10,valide,standard,0,utilisable
L0165,P0041,97,2023-07-08,valide,standard,0,utilisable
L0166,P0003,14,2022-11-15,valide,standard,0,utilisable
L0167,P0170,31,2023-07-29,valide,standard,0,utilisable
L0168,P0053,74,2023-06-27,valide,standard,0,utilisable
L0169,P0007,71,2022-11-01,valide,standard,0,utilisable
L0170,P0042,71,2023-07-31,valide,standard,0,utilisable
L0171,P0050,58,2023-05-08,valide,standard,0,utilisable
L0172,P0130,38,2024-05-19,valide,standard,0,utilisable
L0173,P0150,93,2025-04-05,valide,standard,0,utilisable
L0174,P0056,25,2022-11-18,valide,standard,0,utilisable
L0175,P0014,9,2023-10-01,valide,standard,0,utilisable
L0176,P0089,74,2024-11-04,valide,standard,0,utilisable
L0177,P0002,14,2024-04-09,valide,standard,0,utilisable
L0178,P0192,21,2023-12-24,valide,standard,0,utilisable
L0179,P0157,29,2023-03-19,valide,standard,0,utilisable
L0180,P0147,62,2024-05-01,valide,standard,0,utilisable
L0181,P0135,80,2023-12-05,valide,standard,0,utilisable
L0182,P0107,22,2022-11-25,valide,standard,0,utilisable
L0183,P0025,19,2023-02-25,valide,standard,0,utilisable
L0184,P0151,6,2024-04-02,valide,standard,0,utilisable
L0185,P0052,69,2025-02-02,valide,standard,0,utilisable
L0186,P0117,65,2023-09-04,valide,standard,0,utilisable
L0187,P0089,82,2023-06-01,valide,standard,0,utilisable
L0188,P0134,91,2024-03-22,valide,standard,0,utilisable
L0189,P0190,3,2024-07-21,valide,standard,0,utilisable
L0190,P0012,78,2023-10-11,valide,standard,0,utilisable
L0191,P0061,57,2025-05-12,valide,standard,0,utilisable
L0192,P0062,86,2025-01-27,valide,standard,0,utilisable
L0193,P0116,100,2024-11-29,valide,standard,0,utilisable
L0194,P0104,6,2023-05-25,valide,standard,0,utilisable
L0195,P0064,88,2023-02-21,valide,standard,0,utilisable
L0196,P0179,38,2024-11-10,valide,standard,0,utilisable
L0197,P0185,87,2022-12-23,valide,standard,0,utilisable
L0198,P0073,78,2023-11-15,valide,standard,0,utilisable
L0199,P0110,85,2023-06-14,valide,standard,0,utilisable
L0200,P0091,34,2025-04-30,valide,standard,0,utilisable
L0201,P0013,85,2024-02-19,valide,standard,0,utilisable
L0202,P0138,82,2024-12-11,valide,standard,0,utilisable
L0203,P0050,17,2024-02-22,valide,standard,0,utilisable
L0204,P0094,33,2025-01-13,valide,standard,0,utilisable
L0205,P0124,68,2024-08-04,valide,standard,0,utilisable
L0206,P0044,48,2024-01-30,valide,standard,0,utilisable
L0207,P0070,7,2023-11-10,valide,standard,0,utilisable
L0208,P0008,97,2025-01-04,valide,standard,0,utilisable
L0209,P0094,46,2023-07-14,valide,standard,0,utilisable
L0210,P0051,29,2024-03-08,valide,standard,0,utilisable
L0211,P0085,34,2022-11-28,valide,standard,0,utilisable
L0212,P0159,94,2023-01-02,valide,standard,0,utilisable
L0213,P0077,64,2025-01-19,valide,standard,0,utilisable
L0214,P0061,3,2023-06-18,valide,standard,0,utilisable
L0215,P0192,7,2024-09-22,valide,standard,0,utilisable
L0216,P0185,73,2024-01-16,valide,standard,0,utilisable
L0217,P0028,91,2024-10-03,valide,standard,0,utilisable
L0218,P0078,34,2024-08-28,valide,standard,0,utilisable
L0219,P0164,45,2023-09-01,valide,standard,0,utilisable
L0220,P0112,40,2023-09-18,valide,standard,0,utilisable
L0221,P0088,62,2023-09-20,valide,standard,0,utilisable
L0222,P0154,43,2023-07-27,valide,standard,0,utilisable
L0223,P0095,10,2024-09-21,valide,standard,0,utilisable
L0224,P0142,70,2024-12-08,valide,standard,0,utilisable
L0225,P0041,94,2023-03-29,valide,standard,0,utilisable
L0226,P0131,25,2022-11-23,valide,standard,0,utilisable
L0227,P0006,94,2024-11-12,valide,standard,0,utilisable
L0228,P0112,74,2023-09-13,valide,standard,0,utilisable
L0229,P0023,91,2024-06-24,valide,standard,0,utilisable
L0230,P0055,5,2025-04-01,valide,standard,0,utilisable
L0231,P0164,71,2024-06-30,valide,standard,0,utilisable
L0232,P0118,64,2025-01-07,valide,standard,0,utilisable
L0233,P0143,78,2022-10-26,valide,standard,0,utilisable
L0234,P0072,12,2025-05-19,valide,standard,0,utilisable
L0235,P0017,61,2025-04-13,valide,standard,0,utilisable
L0236,P0030,50,2025-05-21,valide,standard,0,utilisable
L0237,P0062,48,2025-04-07,valide,standard,0,utilisable
L0238,P0011,43,2025-03-08,valide,standard,0,utilisable
L0239,P0132,30,2023-04-24,valide,standard,0,utilisable
L0240,P0069,13,2023-02-10,valide,standard,0,utilisable
L0241,P0016,38,2024-09-12,valide,standard,0,utilisable
L0242,P0152,53,2024-07-06,valide,standard,0,utilisable
L0243,P0175,94,2023-04-24,valide,standard,0,utilisable
L0244,P0102,57,2024-11-10,valide,standard,0,utilisable
L0245,P0007,1,2023-10-24,valide,standard,0,utilisable
L0246,P0042,82,2025-03-30,valide,standard,0,utilisable
L0247,P0065,63,2025-02-08,valide,standard,0,utilisable
L0248,P0068,39,2025-05-19,valide,standard,0,utilisable
L0249,P0173,64,2022-12-24,valide,standard,0,utilisable
L0250,P0098,57,2023-02-15,valide,standard,0,utilisable
L0251,P0052,21,2023-09-14,valide,standard,0,utilisable
L0252,P0140,54,2025-05-25,valide,standard,0,utilisable
L0253,P0149,19,2025-01-11,valide,standard,0,utilisable
L0254,P0000,31,2022-12-18,valide,standard,0,utilisable
L0255,P0001,87,2023-09-02,valide,standard,0,utilisable
L0256,P0198,7,2024-03-04,valide,standard,0,utilisable
L0257,P0087,85,2023-10-09,valide,standard,0,utilisable
L0258,P0120,70,2025-02-16,valide,standard,0,utilisable
L0259,P0052,59,2025-04-25,valide,standard,0,utilisable
L0260,P0159,31,2024-08-09,valide,standard,0,utilisable
L0261,P0060,85,2024-10-07,valide,standard,0,utilisable
L0262,P0194,54,2024-01-16,valide,standard,0,utilisable
L0263,P0016,93,2023-03-12,valide,standard,0,utilisable
L0264,P0195,60,2023-06-27,valide,standard,0,utilisable
L0265,P0001,67,2025-04-29,valide,standard,0,utilisable
L0266,P0174,89,2024-06-05,valide,standard,0,utilisable
L0267,P0085,66,2024-03-21,valide,standard,0,utilisable
L0268,P0125,38,2025-01-30,valide,standard,0,utilisable
L0269,P0187,4,2025-04-10,valide,standard,0,utilisable
L0270,P0172,75,2023-01-19,valide,standard,0,utilisable
L0271,P0160,94,2025-05-11,valide,standard,0,utilisable
L0272,P0149,60,2023-11-15,valide,standard,0,utilisable
L0273,P0022,79,2024-07-05,valide,standard,0,utilisable
L0274,P0182,34,2022-12-15,valide,standard,0,utilisable
L0275,P0100,1,2024-06-12,valide,standard,0,utilisable
L0276,P0131,96,2023-09-13,valide,standard,0,utilisable
L0277,P0161,85,2024-11-27,valide,standard,0,utilisable
L0278,P0035,26,2024-02-06,valide,standard,0,utilisable
L0279,P0128,65,2024-07-04,valide,standard,0,utilisable
L0280,P0159,44,2024-02-05,valide,standard,0,utilisable
L0281,P0104,84,2024-08-21,valide,standard,0,utilisable
L0282,P0053,18,2023-09-19,valide,standard,0,utilisable
L0283,P0125,44,2023-11-13,valide,standard,0,utilisable
L0284,P0191,88,2024-06-30,valide,standard,0,utilisable
L0285,P0130,74,2023-02-10,valide,standard,0,utilisable
L0286,P0194,34,2023-07-01,valide,standard,0,utilisable
L0287,P0060,17,2023-08-14,valide,standard,0,utilisable
L0288,P0186,68,2023-03-03,valide,standard,0,utilisable
L0289,P0199,91,2024-01-05,valide,standard,0,utilisable
L0290,P0164,48,2025-05-18,valide,standard,0,utilisable
L0291,P0043,38,2023-01-25,valide,standard,0,utilisable
L0292,P0193,88,2024-11-09,valide,standard,0,utilisable
L0293,P0136,43,2023-04-02,valide,standard,0,utilisable
L0294,P0093,87,2024-01-17,valide,standard,0,utilisable
L0295,P0079,14,2024-12-07,valide,standard,0,utilisable
L0296,P0156,58,2022-12-08,valide,standard,0,utilisable
L0297,P0037,68,2022-10-21,valide,standard,0,utilisable
L0298,P0096,38,2025-01-15,valide,standard,0,utilisable
L0299,P0114,47,2024-12-31,valide,standard,0,utilisable
