idorganisation,nom,telephone,adresse,type
O0000,Organisation_0,6990000,Address_0,Client
O0001,Organisation_1,6990001,Address_1,Fournisseur
O0002,Organisation_2,6990002,Address_2,Transporteur
O0003,Organisation_3,6990003,Address_3,Transporteur
O0004,Organisation_4,6990004,Address_4,Transporteur
O0005,Organisation_5,6990005,Address_5,Fournisseur
O0006,Organisation_6,6990006,Address_6,Fournisseur
O0007,Organisation_7,6990007,Address_7,Transporteur
O0008,Organisation_8,6990008,Address_8,Fournisseur
O0009,Organisation_9,6990009,Address_9,Client
O0010,Organisation_10,6990010,Address_10,Transporteur
O0011,Organisation_11,6990011,Address_11,Client
O0012,Organisation_12,6990012,Address_12,Transporteur
O0013,Organisation_13,6990013,Address_13,Transporteur
O0014,Organisation_14,6990014,Address_14,Fournisseur
O0015,Organisation_15,6990015,Address_15,Client
O0016,Organisation_16,6990016,Address_16,Fournisseur
O0017,Organisation_17,6990017,Address_17,Fournisseur
O0018,Organisation_18,6990018,Address_18,Fournisseur
O0019,Organisation_19,6990019,Address_19,Fournisseur
O0020,Organisation_20,6990020,Address_20,Transporteur
O0021,Organisation_21,6990021,Address_21,Fournisseur
O0022,Organisation_22,6990022,Address_22,Transporteur
O0023,Organisation_23,6990023,Address_23,Fournisseur
O0024,Organisation_24,6990024,Address_24,Fournisseur
O0025,Organisation_25,6990025,Address_25,Transporteur
O0026,Organisation_26,6990026,Address_26,Transporteur
O0027,Organisation_27,6990027,Address_27,Client
O0028,Organisation_28,6990028,Address_28,Fournisseur
O0029,Organisation_29,6990029,Address_29,Client
O0030,Organisation_30,6990030,Address_30,Fournisseur
O0031,Organisation_31,6990031,Address_31,Client
O0032,Organisation_32,6990032,Address_32,Transporteur
O0033,Organisation_33,6990033,Address_33,Transporteur
O0034,Organisation_34,6990034,Address_34,Client
O0035,Organisation_35,6990035,Address_35,Transporteur
O0036,Organisation_36,6990036,Address_36,Transporteur
O0037,Organisation_37,6990037,Address_37,Transporteur
O0038,Organisation_38,6990038,Address_38,Fournisseur
O0039,Organisation_39,6990039,Address_39,Fournisseur
O0040,Organisation_40,6990040,Address_40,Client
O0041,Organisation_41,6990041,Address_41,Client
O0042,Organisation_42,6990042,Address_42,Fournisseur
O0043,Organisation_43,6990043,Address_43,Fournisseur
O0044,Organisation_44,6990044,Address_44,Transporteur
O0045,Organisation_45,6990045,Address_45,Client
O0046,Organisation_46,6990046,Address_46,Client
O0047,Organisation_47,6990047,Address_47,Transporteur
O0048,Organisation_48,6990048,Address_48,Transporteur
O0049,Organisation_49,6990049,Address_49,Transporteur
